{"initial_reset_timestamp": 1606285028.268249, "timestamps": [1606285032.9364758], "episode_lengths": [94], "episode_rewards": [94.0], "episode_types": ["t"]}